id,kode_provinsi,nama_provinsi,kode_kabupaten_kota,nama_kabupaten_kota,kelompok_umur,jenis_kelamin,jumlah_kasus,satuan,tahun
1,32,JAWA BARAT,3201,KABUPATEN BOGOR,0-4,LAKI-LAKI,4,ORANG,2019
2,32,JAWA BARAT,3201,KABUPATEN BOGOR,0-4,PEREMPUAN,7,ORANG,2019
3,32,JAWA BARAT,3201,KABUPATEN BOGOR,5-14,LAKI-LAKI,3,ORANG,2019
4,32,JAWA BARAT,3201,KABUPATEN BOGOR,5-14,PEREMPUAN,0,ORANG,2019
5,32,JAWA BARAT,3201,KABUPATEN BOGOR,15-19,LAKI-LAKI,8,ORANG,2019
6,32,JAWA BARAT,3201,KABUPATEN BOGOR,15-19,PEREMPUAN,5,ORANG,2019
7,32,JAWA BARAT,3201,KABUPATEN BOGOR,20-24,LAKI-LAKI,48,ORANG,2019
8,32,JAWA BARAT,3201,KABUPATEN BOGOR,20-24,PEREMPUAN,21,ORANG,2019
9,32,JAWA BARAT,3201,KABUPATEN BOGOR,25-49,LAKI-LAKI,217,ORANG,2019
10,32,JAWA BARAT,3201,KABUPATEN BOGOR,25-49,PEREMPUAN,133,ORANG,2019
11,32,JAWA BARAT,3201,KABUPATEN BOGOR,≥50,LAKI-LAKI,16,ORANG,2019
12,32,JAWA BARAT,3201,KABUPATEN BOGOR,≥50,PEREMPUAN,13,ORANG,2019
13,32,JAWA BARAT,3202,KABUPATEN SUKABUMI,0-4,LAKI-LAKI,2,ORANG,2019
14,32,JAWA BARAT,3202,KABUPATEN SUKABUMI,0-4,PEREMPUAN,0,ORANG,2019
15,32,JAWA BARAT,3202,KABUPATEN SUKABUMI,5-14,LAKI-LAKI,1,ORANG,2019
16,32,JAWA BARAT,3202,KABUPATEN SUKABUMI,5-14,PEREMPUAN,0,ORANG,2019
17,32,JAWA BARAT,3202,KABUPATEN SUKABUMI,15-19,LAKI-LAKI,4,ORANG,2019
18,32,JAWA BARAT,3202,KABUPATEN SUKABUMI,15-19,PEREMPUAN,2,ORANG,2019
19,32,JAWA BARAT,3202,KABUPATEN SUKABUMI,20-24,LAKI-LAKI,20,ORANG,2019
20,32,JAWA BARAT,3202,KABUPATEN SUKABUMI,20-24,PEREMPUAN,11,ORANG,2019
21,32,JAWA BARAT,3202,KABUPATEN SUKABUMI,25-49,LAKI-LAKI,50,ORANG,2019
22,32,JAWA BARAT,3202,KABUPATEN SUKABUMI,25-49,PEREMPUAN,19,ORANG,2019
23,32,JAWA BARAT,3202,KABUPATEN SUKABUMI,≥50,LAKI-LAKI,2,ORANG,2019
24,32,JAWA BARAT,3202,KABUPATEN SUKABUMI,≥50,PEREMPUAN,1,ORANG,2019
25,32,JAWA BARAT,3203,KABUPATEN CIANJUR,0-4,LAKI-LAKI,0,ORANG,2019
26,32,JAWA BARAT,3203,KABUPATEN CIANJUR,0-4,PEREMPUAN,0,ORANG,2019
27,32,JAWA BARAT,3203,KABUPATEN CIANJUR,5-14,LAKI-LAKI,0,ORANG,2019
28,32,JAWA BARAT,3203,KABUPATEN CIANJUR,5-14,PEREMPUAN,0,ORANG,2019
29,32,JAWA BARAT,3203,KABUPATEN CIANJUR,15-19,LAKI-LAKI,0,ORANG,2019
30,32,JAWA BARAT,3203,KABUPATEN CIANJUR,15-19,PEREMPUAN,0,ORANG,2019
31,32,JAWA BARAT,3203,KABUPATEN CIANJUR,20-24,LAKI-LAKI,0,ORANG,2019
32,32,JAWA BARAT,3203,KABUPATEN CIANJUR,20-24,PEREMPUAN,0,ORANG,2019
33,32,JAWA BARAT,3203,KABUPATEN CIANJUR,25-49,LAKI-LAKI,0,ORANG,2019
34,32,JAWA BARAT,3203,KABUPATEN CIANJUR,25-49,PEREMPUAN,0,ORANG,2019
35,32,JAWA BARAT,3203,KABUPATEN CIANJUR,≥50,LAKI-LAKI,0,ORANG,2019
36,32,JAWA BARAT,3203,KABUPATEN CIANJUR,≥50,PEREMPUAN,0,ORANG,2019
37,32,JAWA BARAT,3204,KABUPATEN BANDUNG,0-4,LAKI-LAKI,4,ORANG,2019
38,32,JAWA BARAT,3204,KABUPATEN BANDUNG,0-4,PEREMPUAN,1,ORANG,2019
39,32,JAWA BARAT,3204,KABUPATEN BANDUNG,5-14,LAKI-LAKI,2,ORANG,2019
40,32,JAWA BARAT,3204,KABUPATEN BANDUNG,5-14,PEREMPUAN,1,ORANG,2019
41,32,JAWA BARAT,3204,KABUPATEN BANDUNG,15-19,LAKI-LAKI,10,ORANG,2019
42,32,JAWA BARAT,3204,KABUPATEN BANDUNG,15-19,PEREMPUAN,1,ORANG,2019
43,32,JAWA BARAT,3204,KABUPATEN BANDUNG,20-24,LAKI-LAKI,30,ORANG,2019
44,32,JAWA BARAT,3204,KABUPATEN BANDUNG,20-24,PEREMPUAN,6,ORANG,2019
45,32,JAWA BARAT,3204,KABUPATEN BANDUNG,25-49,LAKI-LAKI,91,ORANG,2019
46,32,JAWA BARAT,3204,KABUPATEN BANDUNG,25-49,PEREMPUAN,33,ORANG,2019
47,32,JAWA BARAT,3204,KABUPATEN BANDUNG,≥50,LAKI-LAKI,0,ORANG,2019
48,32,JAWA BARAT,3204,KABUPATEN BANDUNG,≥50,PEREMPUAN,0,ORANG,2019
49,32,JAWA BARAT,3205,KABUPATEN GARUT,0-4,LAKI-LAKI,0,ORANG,2019
50,32,JAWA BARAT,3205,KABUPATEN GARUT,0-4,PEREMPUAN,0,ORANG,2019
51,32,JAWA BARAT,3205,KABUPATEN GARUT,5-14,LAKI-LAKI,0,ORANG,2019
52,32,JAWA BARAT,3205,KABUPATEN GARUT,5-14,PEREMPUAN,0,ORANG,2019
53,32,JAWA BARAT,3205,KABUPATEN GARUT,15-19,LAKI-LAKI,0,ORANG,2019
54,32,JAWA BARAT,3205,KABUPATEN GARUT,15-19,PEREMPUAN,0,ORANG,2019
55,32,JAWA BARAT,3205,KABUPATEN GARUT,20-24,LAKI-LAKI,0,ORANG,2019
56,32,JAWA BARAT,3205,KABUPATEN GARUT,20-24,PEREMPUAN,0,ORANG,2019
57,32,JAWA BARAT,3205,KABUPATEN GARUT,25-49,LAKI-LAKI,0,ORANG,2019
58,32,JAWA BARAT,3205,KABUPATEN GARUT,25-49,PEREMPUAN,0,ORANG,2019
59,32,JAWA BARAT,3205,KABUPATEN GARUT,≥50,LAKI-LAKI,0,ORANG,2019
60,32,JAWA BARAT,3205,KABUPATEN GARUT,≥50,PEREMPUAN,0,ORANG,2019
61,32,JAWA BARAT,3206,KABUPATEN TASIKMALAYA,0-4,LAKI-LAKI,0,ORANG,2019
62,32,JAWA BARAT,3206,KABUPATEN TASIKMALAYA,0-4,PEREMPUAN,0,ORANG,2019
63,32,JAWA BARAT,3206,KABUPATEN TASIKMALAYA,5-14,LAKI-LAKI,1,ORANG,2019
64,32,JAWA BARAT,3206,KABUPATEN TASIKMALAYA,5-14,PEREMPUAN,0,ORANG,2019
65,32,JAWA BARAT,3206,KABUPATEN TASIKMALAYA,15-19,LAKI-LAKI,1,ORANG,2019
66,32,JAWA BARAT,3206,KABUPATEN TASIKMALAYA,15-19,PEREMPUAN,1,ORANG,2019
67,32,JAWA BARAT,3206,KABUPATEN TASIKMALAYA,20-24,LAKI-LAKI,11,ORANG,2019
68,32,JAWA BARAT,3206,KABUPATEN TASIKMALAYA,20-24,PEREMPUAN,6,ORANG,2019
69,32,JAWA BARAT,3206,KABUPATEN TASIKMALAYA,25-49,LAKI-LAKI,37,ORANG,2019
70,32,JAWA BARAT,3206,KABUPATEN TASIKMALAYA,25-49,PEREMPUAN,17,ORANG,2019
71,32,JAWA BARAT,3206,KABUPATEN TASIKMALAYA,≥50,LAKI-LAKI,2,ORANG,2019
72,32,JAWA BARAT,3206,KABUPATEN TASIKMALAYA,≥50,PEREMPUAN,1,ORANG,2019
73,32,JAWA BARAT,3207,KABUPATEN CIAMIS,0-4,LAKI-LAKI,0,ORANG,2019
74,32,JAWA BARAT,3207,KABUPATEN CIAMIS,0-4,PEREMPUAN,1,ORANG,2019
75,32,JAWA BARAT,3207,KABUPATEN CIAMIS,5-14,LAKI-LAKI,0,ORANG,2019
76,32,JAWA BARAT,3207,KABUPATEN CIAMIS,5-14,PEREMPUAN,0,ORANG,2019
77,32,JAWA BARAT,3207,KABUPATEN CIAMIS,15-19,LAKI-LAKI,2,ORANG,2019
78,32,JAWA BARAT,3207,KABUPATEN CIAMIS,15-19,PEREMPUAN,1,ORANG,2019
79,32,JAWA BARAT,3207,KABUPATEN CIAMIS,20-24,LAKI-LAKI,14,ORANG,2019
80,32,JAWA BARAT,3207,KABUPATEN CIAMIS,20-24,PEREMPUAN,6,ORANG,2019
81,32,JAWA BARAT,3207,KABUPATEN CIAMIS,25-49,LAKI-LAKI,44,ORANG,2019
82,32,JAWA BARAT,3207,KABUPATEN CIAMIS,25-49,PEREMPUAN,22,ORANG,2019
83,32,JAWA BARAT,3207,KABUPATEN CIAMIS,≥50,LAKI-LAKI,4,ORANG,2019
84,32,JAWA BARAT,3207,KABUPATEN CIAMIS,≥50,PEREMPUAN,1,ORANG,2019
85,32,JAWA BARAT,3208,KABUPATEN KUNINGAN,0-4,LAKI-LAKI,0,ORANG,2019
86,32,JAWA BARAT,3208,KABUPATEN KUNINGAN,0-4,PEREMPUAN,1,ORANG,2019
87,32,JAWA BARAT,3208,KABUPATEN KUNINGAN,5-14,LAKI-LAKI,5,ORANG,2019
88,32,JAWA BARAT,3208,KABUPATEN KUNINGAN,5-14,PEREMPUAN,0,ORANG,2019
89,32,JAWA BARAT,3208,KABUPATEN KUNINGAN,15-19,LAKI-LAKI,0,ORANG,2019
90,32,JAWA BARAT,3208,KABUPATEN KUNINGAN,15-19,PEREMPUAN,0,ORANG,2019
91,32,JAWA BARAT,3208,KABUPATEN KUNINGAN,20-24,LAKI-LAKI,7,ORANG,2019
92,32,JAWA BARAT,3208,KABUPATEN KUNINGAN,20-24,PEREMPUAN,2,ORANG,2019
93,32,JAWA BARAT,3208,KABUPATEN KUNINGAN,25-49,LAKI-LAKI,48,ORANG,2019
94,32,JAWA BARAT,3208,KABUPATEN KUNINGAN,25-49,PEREMPUAN,21,ORANG,2019
95,32,JAWA BARAT,3208,KABUPATEN KUNINGAN,≥50,LAKI-LAKI,5,ORANG,2019
96,32,JAWA BARAT,3208,KABUPATEN KUNINGAN,≥50,PEREMPUAN,2,ORANG,2019
97,32,JAWA BARAT,3209,KABUPATEN CIREBON,0-4,LAKI-LAKI,1,ORANG,2019
98,32,JAWA BARAT,3209,KABUPATEN CIREBON,0-4,PEREMPUAN,1,ORANG,2019
99,32,JAWA BARAT,3209,KABUPATEN CIREBON,5-14,LAKI-LAKI,2,ORANG,2019
100,32,JAWA BARAT,3209,KABUPATEN CIREBON,5-14,PEREMPUAN,0,ORANG,2019
101,32,JAWA BARAT,3209,KABUPATEN CIREBON,15-19,LAKI-LAKI,1,ORANG,2019
102,32,JAWA BARAT,3209,KABUPATEN CIREBON,15-19,PEREMPUAN,0,ORANG,2019
103,32,JAWA BARAT,3209,KABUPATEN CIREBON,20-24,LAKI-LAKI,17,ORANG,2019
104,32,JAWA BARAT,3209,KABUPATEN CIREBON,20-24,PEREMPUAN,8,ORANG,2019
105,32,JAWA BARAT,3209,KABUPATEN CIREBON,25-49,LAKI-LAKI,133,ORANG,2019
106,32,JAWA BARAT,3209,KABUPATEN CIREBON,25-49,PEREMPUAN,73,ORANG,2019
107,32,JAWA BARAT,3209,KABUPATEN CIREBON,≥50,LAKI-LAKI,17,ORANG,2019
108,32,JAWA BARAT,3209,KABUPATEN CIREBON,≥50,PEREMPUAN,4,ORANG,2019
109,32,JAWA BARAT,3210,KABUPATEN MAJALENGKA,0-4,LAKI-LAKI,0,ORANG,2019
110,32,JAWA BARAT,3210,KABUPATEN MAJALENGKA,0-4,PEREMPUAN,1,ORANG,2019
111,32,JAWA BARAT,3210,KABUPATEN MAJALENGKA,5-14,LAKI-LAKI,0,ORANG,2019
112,32,JAWA BARAT,3210,KABUPATEN MAJALENGKA,5-14,PEREMPUAN,0,ORANG,2019
113,32,JAWA BARAT,3210,KABUPATEN MAJALENGKA,15-19,LAKI-LAKI,2,ORANG,2019
114,32,JAWA BARAT,3210,KABUPATEN MAJALENGKA,15-19,PEREMPUAN,0,ORANG,2019
115,32,JAWA BARAT,3210,KABUPATEN MAJALENGKA,20-24,LAKI-LAKI,14,ORANG,2019
116,32,JAWA BARAT,3210,KABUPATEN MAJALENGKA,20-24,PEREMPUAN,5,ORANG,2019
117,32,JAWA BARAT,3210,KABUPATEN MAJALENGKA,25-49,LAKI-LAKI,51,ORANG,2019
118,32,JAWA BARAT,3210,KABUPATEN MAJALENGKA,25-49,PEREMPUAN,21,ORANG,2019
119,32,JAWA BARAT,3210,KABUPATEN MAJALENGKA,≥50,LAKI-LAKI,3,ORANG,2019
120,32,JAWA BARAT,3210,KABUPATEN MAJALENGKA,≥50,PEREMPUAN,0,ORANG,2019
121,32,JAWA BARAT,3211,KABUPATEN SUMEDANG,0-4,LAKI-LAKI,1,ORANG,2019
122,32,JAWA BARAT,3211,KABUPATEN SUMEDANG,0-4,PEREMPUAN,0,ORANG,2019
123,32,JAWA BARAT,3211,KABUPATEN SUMEDANG,5-14,LAKI-LAKI,0,ORANG,2019
124,32,JAWA BARAT,3211,KABUPATEN SUMEDANG,5-14,PEREMPUAN,0,ORANG,2019
125,32,JAWA BARAT,3211,KABUPATEN SUMEDANG,15-19,LAKI-LAKI,3,ORANG,2019
126,32,JAWA BARAT,3211,KABUPATEN SUMEDANG,15-19,PEREMPUAN,0,ORANG,2019
127,32,JAWA BARAT,3211,KABUPATEN SUMEDANG,20-24,LAKI-LAKI,15,ORANG,2019
128,32,JAWA BARAT,3211,KABUPATEN SUMEDANG,20-24,PEREMPUAN,10,ORANG,2019
129,32,JAWA BARAT,3211,KABUPATEN SUMEDANG,25-49,LAKI-LAKI,46,ORANG,2019
130,32,JAWA BARAT,3211,KABUPATEN SUMEDANG,25-49,PEREMPUAN,28,ORANG,2019
131,32,JAWA BARAT,3211,KABUPATEN SUMEDANG,≥50,LAKI-LAKI,1,ORANG,2019
132,32,JAWA BARAT,3211,KABUPATEN SUMEDANG,≥50,PEREMPUAN,0,ORANG,2019
133,32,JAWA BARAT,3212,KABUPATEN INDRAMAYU,0-4,LAKI-LAKI,0,ORANG,2019
134,32,JAWA BARAT,3212,KABUPATEN INDRAMAYU,0-4,PEREMPUAN,1,ORANG,2019
135,32,JAWA BARAT,3212,KABUPATEN INDRAMAYU,5-14,LAKI-LAKI,1,ORANG,2019
136,32,JAWA BARAT,3212,KABUPATEN INDRAMAYU,5-14,PEREMPUAN,0,ORANG,2019
137,32,JAWA BARAT,3212,KABUPATEN INDRAMAYU,15-19,LAKI-LAKI,3,ORANG,2019
138,32,JAWA BARAT,3212,KABUPATEN INDRAMAYU,15-19,PEREMPUAN,5,ORANG,2019
139,32,JAWA BARAT,3212,KABUPATEN INDRAMAYU,20-24,LAKI-LAKI,26,ORANG,2019
140,32,JAWA BARAT,3212,KABUPATEN INDRAMAYU,20-24,PEREMPUAN,13,ORANG,2019
141,32,JAWA BARAT,3212,KABUPATEN INDRAMAYU,25-49,LAKI-LAKI,50,ORANG,2019
142,32,JAWA BARAT,3212,KABUPATEN INDRAMAYU,25-49,PEREMPUAN,48,ORANG,2019
143,32,JAWA BARAT,3212,KABUPATEN INDRAMAYU,≥50,LAKI-LAKI,1,ORANG,2019
144,32,JAWA BARAT,3212,KABUPATEN INDRAMAYU,≥50,PEREMPUAN,3,ORANG,2019
145,32,JAWA BARAT,3213,KABUPATEN SUBANG,0-4,LAKI-LAKI,84,ORANG,2019
146,32,JAWA BARAT,3213,KABUPATEN SUBANG,0-4,PEREMPUAN,65,ORANG,2019
147,32,JAWA BARAT,3213,KABUPATEN SUBANG,5-14,LAKI-LAKI,1,ORANG,2019
148,32,JAWA BARAT,3213,KABUPATEN SUBANG,5-14,PEREMPUAN,0,ORANG,2019
149,32,JAWA BARAT,3213,KABUPATEN SUBANG,15-19,LAKI-LAKI,6,ORANG,2019
150,32,JAWA BARAT,3213,KABUPATEN SUBANG,15-19,PEREMPUAN,1,ORANG,2019
151,32,JAWA BARAT,3213,KABUPATEN SUBANG,20-24,LAKI-LAKI,26,ORANG,2019
152,32,JAWA BARAT,3213,KABUPATEN SUBANG,20-24,PEREMPUAN,13,ORANG,2019
153,32,JAWA BARAT,3213,KABUPATEN SUBANG,25-49,LAKI-LAKI,105,ORANG,2019
154,32,JAWA BARAT,3213,KABUPATEN SUBANG,25-49,PEREMPUAN,34,ORANG,2019
155,32,JAWA BARAT,3213,KABUPATEN SUBANG,≥50,LAKI-LAKI,1,ORANG,2019
156,32,JAWA BARAT,3213,KABUPATEN SUBANG,≥50,PEREMPUAN,3,ORANG,2019
157,32,JAWA BARAT,3214,KABUPATEN PURWAKARTA,0-4,LAKI-LAKI,3,ORANG,2019
158,32,JAWA BARAT,3214,KABUPATEN PURWAKARTA,0-4,PEREMPUAN,2,ORANG,2019
159,32,JAWA BARAT,3214,KABUPATEN PURWAKARTA,5-14,LAKI-LAKI,0,ORANG,2019
160,32,JAWA BARAT,3214,KABUPATEN PURWAKARTA,5-14,PEREMPUAN,0,ORANG,2019
161,32,JAWA BARAT,3214,KABUPATEN PURWAKARTA,15-19,LAKI-LAKI,2,ORANG,2019
162,32,JAWA BARAT,3214,KABUPATEN PURWAKARTA,15-19,PEREMPUAN,1,ORANG,2019
163,32,JAWA BARAT,3214,KABUPATEN PURWAKARTA,20-24,LAKI-LAKI,24,ORANG,2019
164,32,JAWA BARAT,3214,KABUPATEN PURWAKARTA,20-24,PEREMPUAN,9,ORANG,2019
165,32,JAWA BARAT,3214,KABUPATEN PURWAKARTA,25-49,LAKI-LAKI,105,ORANG,2019
166,32,JAWA BARAT,3214,KABUPATEN PURWAKARTA,25-49,PEREMPUAN,34,ORANG,2019
167,32,JAWA BARAT,3214,KABUPATEN PURWAKARTA,≥50,LAKI-LAKI,13,ORANG,2019
168,32,JAWA BARAT,3214,KABUPATEN PURWAKARTA,≥50,PEREMPUAN,4,ORANG,2019
169,32,JAWA BARAT,3215,KABUPATEN KARAWANG,0-4,LAKI-LAKI,1,ORANG,2019
170,32,JAWA BARAT,3215,KABUPATEN KARAWANG,0-4,PEREMPUAN,0,ORANG,2019
171,32,JAWA BARAT,3215,KABUPATEN KARAWANG,5-14,LAKI-LAKI,0,ORANG,2019
172,32,JAWA BARAT,3215,KABUPATEN KARAWANG,5-14,PEREMPUAN,0,ORANG,2019
173,32,JAWA BARAT,3215,KABUPATEN KARAWANG,15-19,LAKI-LAKI,34,ORANG,2019
174,32,JAWA BARAT,3215,KABUPATEN KARAWANG,15-19,PEREMPUAN,4,ORANG,2019
175,32,JAWA BARAT,3215,KABUPATEN KARAWANG,20-24,LAKI-LAKI,78,ORANG,2019
176,32,JAWA BARAT,3215,KABUPATEN KARAWANG,20-24,PEREMPUAN,48,ORANG,2019
177,32,JAWA BARAT,3215,KABUPATEN KARAWANG,25-49,LAKI-LAKI,44,ORANG,2019
178,32,JAWA BARAT,3215,KABUPATEN KARAWANG,25-49,PEREMPUAN,39,ORANG,2019
179,32,JAWA BARAT,3215,KABUPATEN KARAWANG,≥50,LAKI-LAKI,5,ORANG,2019
180,32,JAWA BARAT,3215,KABUPATEN KARAWANG,≥50,PEREMPUAN,2,ORANG,2019
181,32,JAWA BARAT,3216,KABUPATEN BEKASI,0-4,LAKI-LAKI,0,ORANG,2019
182,32,JAWA BARAT,3216,KABUPATEN BEKASI,0-4,PEREMPUAN,2,ORANG,2019
183,32,JAWA BARAT,3216,KABUPATEN BEKASI,5-14,LAKI-LAKI,0,ORANG,2019
184,32,JAWA BARAT,3216,KABUPATEN BEKASI,5-14,PEREMPUAN,1,ORANG,2019
185,32,JAWA BARAT,3216,KABUPATEN BEKASI,15-19,LAKI-LAKI,6,ORANG,2019
186,32,JAWA BARAT,3216,KABUPATEN BEKASI,15-19,PEREMPUAN,2,ORANG,2019
187,32,JAWA BARAT,3216,KABUPATEN BEKASI,20-24,LAKI-LAKI,34,ORANG,2019
188,32,JAWA BARAT,3216,KABUPATEN BEKASI,20-24,PEREMPUAN,12,ORANG,2019
189,32,JAWA BARAT,3216,KABUPATEN BEKASI,25-49,LAKI-LAKI,102,ORANG,2019
190,32,JAWA BARAT,3216,KABUPATEN BEKASI,25-49,PEREMPUAN,57,ORANG,2019
191,32,JAWA BARAT,3216,KABUPATEN BEKASI,≥50,LAKI-LAKI,4,ORANG,2019
192,32,JAWA BARAT,3216,KABUPATEN BEKASI,≥50,PEREMPUAN,2,ORANG,2019
193,32,JAWA BARAT,3217,KABUPATEN BANDUNG BARAT,0-4,LAKI-LAKI,0,ORANG,2019
194,32,JAWA BARAT,3217,KABUPATEN BANDUNG BARAT,0-4,PEREMPUAN,0,ORANG,2019
195,32,JAWA BARAT,3217,KABUPATEN BANDUNG BARAT,5-14,LAKI-LAKI,0,ORANG,2019
196,32,JAWA BARAT,3217,KABUPATEN BANDUNG BARAT,5-14,PEREMPUAN,0,ORANG,2019
197,32,JAWA BARAT,3217,KABUPATEN BANDUNG BARAT,15-19,LAKI-LAKI,2,ORANG,2019
198,32,JAWA BARAT,3217,KABUPATEN BANDUNG BARAT,15-19,PEREMPUAN,0,ORANG,2019
199,32,JAWA BARAT,3217,KABUPATEN BANDUNG BARAT,20-24,LAKI-LAKI,15,ORANG,2019
200,32,JAWA BARAT,3217,KABUPATEN BANDUNG BARAT,20-24,PEREMPUAN,0,ORANG,2019
201,32,JAWA BARAT,3217,KABUPATEN BANDUNG BARAT,25-49,LAKI-LAKI,14,ORANG,2019
202,32,JAWA BARAT,3217,KABUPATEN BANDUNG BARAT,25-49,PEREMPUAN,5,ORANG,2019
203,32,JAWA BARAT,3217,KABUPATEN BANDUNG BARAT,≥50,LAKI-LAKI,0,ORANG,2019
204,32,JAWA BARAT,3217,KABUPATEN BANDUNG BARAT,≥50,PEREMPUAN,0,ORANG,2019
205,32,JAWA BARAT,3218,KABUPATEN PANGANDARAN,0-4,LAKI-LAKI,0,ORANG,2019
206,32,JAWA BARAT,3218,KABUPATEN PANGANDARAN,0-4,PEREMPUAN,0,ORANG,2019
207,32,JAWA BARAT,3218,KABUPATEN PANGANDARAN,5-14,LAKI-LAKI,1,ORANG,2019
208,32,JAWA BARAT,3218,KABUPATEN PANGANDARAN,5-14,PEREMPUAN,0,ORANG,2019
209,32,JAWA BARAT,3218,KABUPATEN PANGANDARAN,15-19,LAKI-LAKI,0,ORANG,2019
210,32,JAWA BARAT,3218,KABUPATEN PANGANDARAN,15-19,PEREMPUAN,2,ORANG,2019
211,32,JAWA BARAT,3218,KABUPATEN PANGANDARAN,20-24,LAKI-LAKI,6,ORANG,2019
212,32,JAWA BARAT,3218,KABUPATEN PANGANDARAN,20-24,PEREMPUAN,2,ORANG,2019
213,32,JAWA BARAT,3218,KABUPATEN PANGANDARAN,25-49,LAKI-LAKI,9,ORANG,2019
214,32,JAWA BARAT,3218,KABUPATEN PANGANDARAN,25-49,PEREMPUAN,3,ORANG,2019
215,32,JAWA BARAT,3218,KABUPATEN PANGANDARAN,≥50,LAKI-LAKI,2,ORANG,2019
216,32,JAWA BARAT,3218,KABUPATEN PANGANDARAN,≥50,PEREMPUAN,1,ORANG,2019
217,32,JAWA BARAT,3271,KOTA BOGOR,0-4,LAKI-LAKI,6,ORANG,2019
218,32,JAWA BARAT,3271,KOTA BOGOR,0-4,PEREMPUAN,3,ORANG,2019
219,32,JAWA BARAT,3271,KOTA BOGOR,5-14,LAKI-LAKI,1,ORANG,2019
220,32,JAWA BARAT,3271,KOTA BOGOR,5-14,PEREMPUAN,2,ORANG,2019
221,32,JAWA BARAT,3271,KOTA BOGOR,15-19,LAKI-LAKI,5,ORANG,2019
222,32,JAWA BARAT,3271,KOTA BOGOR,15-19,PEREMPUAN,2,ORANG,2019
223,32,JAWA BARAT,3271,KOTA BOGOR,20-24,LAKI-LAKI,58,ORANG,2019
224,32,JAWA BARAT,3271,KOTA BOGOR,20-24,PEREMPUAN,5,ORANG,2019
225,32,JAWA BARAT,3271,KOTA BOGOR,25-49,LAKI-LAKI,254,ORANG,2019
226,32,JAWA BARAT,3271,KOTA BOGOR,25-49,PEREMPUAN,95,ORANG,2019
227,32,JAWA BARAT,3271,KOTA BOGOR,≥50,LAKI-LAKI,7,ORANG,2019
228,32,JAWA BARAT,3271,KOTA BOGOR,≥50,PEREMPUAN,5,ORANG,2019
229,32,JAWA BARAT,3272,KOTA SUKABUMI,0-4,LAKI-LAKI,0,ORANG,2019
230,32,JAWA BARAT,3272,KOTA SUKABUMI,0-4,PEREMPUAN,2,ORANG,2019
231,32,JAWA BARAT,3272,KOTA SUKABUMI,5-14,LAKI-LAKI,1,ORANG,2019
232,32,JAWA BARAT,3272,KOTA SUKABUMI,5-14,PEREMPUAN,1,ORANG,2019
233,32,JAWA BARAT,3272,KOTA SUKABUMI,15-19,LAKI-LAKI,2,ORANG,2019
234,32,JAWA BARAT,3272,KOTA SUKABUMI,15-19,PEREMPUAN,2,ORANG,2019
235,32,JAWA BARAT,3272,KOTA SUKABUMI,20-24,LAKI-LAKI,6,ORANG,2019
236,32,JAWA BARAT,3272,KOTA SUKABUMI,20-24,PEREMPUAN,3,ORANG,2019
237,32,JAWA BARAT,3272,KOTA SUKABUMI,25-49,LAKI-LAKI,20,ORANG,2019
238,32,JAWA BARAT,3272,KOTA SUKABUMI,25-49,PEREMPUAN,17,ORANG,2019
239,32,JAWA BARAT,3272,KOTA SUKABUMI,≥50,LAKI-LAKI,2,ORANG,2019
240,32,JAWA BARAT,3272,KOTA SUKABUMI,≥50,PEREMPUAN,1,ORANG,2019
241,32,JAWA BARAT,3273,KOTA BANDUNG,0-4,LAKI-LAKI,1,ORANG,2019
242,32,JAWA BARAT,3273,KOTA BANDUNG,0-4,PEREMPUAN,2,ORANG,2019
243,32,JAWA BARAT,3273,KOTA BANDUNG,5-14,LAKI-LAKI,1,ORANG,2019
244,32,JAWA BARAT,3273,KOTA BANDUNG,5-14,PEREMPUAN,1,ORANG,2019
245,32,JAWA BARAT,3273,KOTA BANDUNG,15-19,LAKI-LAKI,7,ORANG,2019
246,32,JAWA BARAT,3273,KOTA BANDUNG,15-19,PEREMPUAN,0,ORANG,2019
247,32,JAWA BARAT,3273,KOTA BANDUNG,20-24,LAKI-LAKI,53,ORANG,2019
248,32,JAWA BARAT,3273,KOTA BANDUNG,20-24,PEREMPUAN,13,ORANG,2019
249,32,JAWA BARAT,3273,KOTA BANDUNG,25-49,LAKI-LAKI,194,ORANG,2019
250,32,JAWA BARAT,3273,KOTA BANDUNG,25-49,PEREMPUAN,55,ORANG,2019
251,32,JAWA BARAT,3273,KOTA BANDUNG,≥50,LAKI-LAKI,26,ORANG,2019
252,32,JAWA BARAT,3273,KOTA BANDUNG,≥50,PEREMPUAN,4,ORANG,2019
253,32,JAWA BARAT,3274,KOTA CIREBON,0-4,LAKI-LAKI,3,ORANG,2019
254,32,JAWA BARAT,3274,KOTA CIREBON,0-4,PEREMPUAN,0,ORANG,2019
255,32,JAWA BARAT,3274,KOTA CIREBON,5-14,LAKI-LAKI,2,ORANG,2019
256,32,JAWA BARAT,3274,KOTA CIREBON,5-14,PEREMPUAN,0,ORANG,2019
257,32,JAWA BARAT,3274,KOTA CIREBON,15-19,LAKI-LAKI,3,ORANG,2019
258,32,JAWA BARAT,3274,KOTA CIREBON,15-19,PEREMPUAN,0,ORANG,2019
259,32,JAWA BARAT,3274,KOTA CIREBON,20-24,LAKI-LAKI,26,ORANG,2019
260,32,JAWA BARAT,3274,KOTA CIREBON,20-24,PEREMPUAN,6,ORANG,2019
261,32,JAWA BARAT,3274,KOTA CIREBON,25-49,LAKI-LAKI,101,ORANG,2019
262,32,JAWA BARAT,3274,KOTA CIREBON,25-49,PEREMPUAN,44,ORANG,2019
263,32,JAWA BARAT,3274,KOTA CIREBON,≥50,LAKI-LAKI,3,ORANG,2019
264,32,JAWA BARAT,3274,KOTA CIREBON,≥50,PEREMPUAN,1,ORANG,2019
265,32,JAWA BARAT,3275,KOTA BEKASI,0-4,LAKI-LAKI,3,ORANG,2019
266,32,JAWA BARAT,3275,KOTA BEKASI,0-4,PEREMPUAN,1,ORANG,2019
267,32,JAWA BARAT,3275,KOTA BEKASI,5-14,LAKI-LAKI,0,ORANG,2019
268,32,JAWA BARAT,3275,KOTA BEKASI,5-14,PEREMPUAN,1,ORANG,2019
269,32,JAWA BARAT,3275,KOTA BEKASI,15-19,LAKI-LAKI,9,ORANG,2019
270,32,JAWA BARAT,3275,KOTA BEKASI,15-19,PEREMPUAN,2,ORANG,2019
271,32,JAWA BARAT,3275,KOTA BEKASI,20-24,LAKI-LAKI,45,ORANG,2019
272,32,JAWA BARAT,3275,KOTA BEKASI,20-24,PEREMPUAN,7,ORANG,2019
273,32,JAWA BARAT,3275,KOTA BEKASI,25-49,LAKI-LAKI,183,ORANG,2019
274,32,JAWA BARAT,3275,KOTA BEKASI,25-49,PEREMPUAN,68,ORANG,2019
275,32,JAWA BARAT,3275,KOTA BEKASI,≥50,LAKI-LAKI,10,ORANG,2019
276,32,JAWA BARAT,3275,KOTA BEKASI,≥50,PEREMPUAN,6,ORANG,2019
277,32,JAWA BARAT,3276,KOTA DEPOK,0-4,LAKI-LAKI,3,ORANG,2019
278,32,JAWA BARAT,3276,KOTA DEPOK,0-4,PEREMPUAN,0,ORANG,2019
279,32,JAWA BARAT,3276,KOTA DEPOK,5-14,LAKI-LAKI,1,ORANG,2019
280,32,JAWA BARAT,3276,KOTA DEPOK,5-14,PEREMPUAN,2,ORANG,2019
281,32,JAWA BARAT,3276,KOTA DEPOK,15-19,LAKI-LAKI,5,ORANG,2019
282,32,JAWA BARAT,3276,KOTA DEPOK,15-19,PEREMPUAN,4,ORANG,2019
283,32,JAWA BARAT,3276,KOTA DEPOK,20-24,LAKI-LAKI,42,ORANG,2019
284,32,JAWA BARAT,3276,KOTA DEPOK,20-24,PEREMPUAN,6,ORANG,2019
285,32,JAWA BARAT,3276,KOTA DEPOK,25-49,LAKI-LAKI,124,ORANG,2019
286,32,JAWA BARAT,3276,KOTA DEPOK,25-49,PEREMPUAN,45,ORANG,2019
287,32,JAWA BARAT,3276,KOTA DEPOK,≥50,LAKI-LAKI,13,ORANG,2019
288,32,JAWA BARAT,3276,KOTA DEPOK,≥50,PEREMPUAN,2,ORANG,2019
289,32,JAWA BARAT,3277,KOTA CIMAHI,0-4,LAKI-LAKI,0,ORANG,2019
290,32,JAWA BARAT,3277,KOTA CIMAHI,0-4,PEREMPUAN,0,ORANG,2019
291,32,JAWA BARAT,3277,KOTA CIMAHI,5-14,LAKI-LAKI,0,ORANG,2019
292,32,JAWA BARAT,3277,KOTA CIMAHI,5-14,PEREMPUAN,0,ORANG,2019
293,32,JAWA BARAT,3277,KOTA CIMAHI,15-19,LAKI-LAKI,0,ORANG,2019
294,32,JAWA BARAT,3277,KOTA CIMAHI,15-19,PEREMPUAN,0,ORANG,2019
295,32,JAWA BARAT,3277,KOTA CIMAHI,20-24,LAKI-LAKI,9,ORANG,2019
296,32,JAWA BARAT,3277,KOTA CIMAHI,20-24,PEREMPUAN,2,ORANG,2019
297,32,JAWA BARAT,3277,KOTA CIMAHI,25-49,LAKI-LAKI,27,ORANG,2019
298,32,JAWA BARAT,3277,KOTA CIMAHI,25-49,PEREMPUAN,4,ORANG,2019
299,32,JAWA BARAT,3277,KOTA CIMAHI,≥50,LAKI-LAKI,2,ORANG,2019
300,32,JAWA BARAT,3277,KOTA CIMAHI,≥50,PEREMPUAN,0,ORANG,2019
301,32,JAWA BARAT,3278,KOTA TASIKMALAYA,0-4,LAKI-LAKI,1,ORANG,2019
302,32,JAWA BARAT,3278,KOTA TASIKMALAYA,0-4,PEREMPUAN,0,ORANG,2019
303,32,JAWA BARAT,3278,KOTA TASIKMALAYA,5-14,LAKI-LAKI,0,ORANG,2019
304,32,JAWA BARAT,3278,KOTA TASIKMALAYA,5-14,PEREMPUAN,0,ORANG,2019
305,32,JAWA BARAT,3278,KOTA TASIKMALAYA,15-19,LAKI-LAKI,1,ORANG,2019
306,32,JAWA BARAT,3278,KOTA TASIKMALAYA,15-19,PEREMPUAN,1,ORANG,2019
307,32,JAWA BARAT,3278,KOTA TASIKMALAYA,20-24,LAKI-LAKI,24,ORANG,2019
308,32,JAWA BARAT,3278,KOTA TASIKMALAYA,20-24,PEREMPUAN,6,ORANG,2019
309,32,JAWA BARAT,3278,KOTA TASIKMALAYA,25-49,LAKI-LAKI,55,ORANG,2019
310,32,JAWA BARAT,3278,KOTA TASIKMALAYA,25-49,PEREMPUAN,16,ORANG,2019
311,32,JAWA BARAT,3278,KOTA TASIKMALAYA,≥50,LAKI-LAKI,1,ORANG,2019
312,32,JAWA BARAT,3278,KOTA TASIKMALAYA,≥50,PEREMPUAN,0,ORANG,2019
313,32,JAWA BARAT,3279,KOTA BANJAR ,0-4,LAKI-LAKI,2,ORANG,2019
314,32,JAWA BARAT,3279,KOTA BANJAR ,0-4,PEREMPUAN,0,ORANG,2019
315,32,JAWA BARAT,3279,KOTA BANJAR ,5-14,LAKI-LAKI,0,ORANG,2019
316,32,JAWA BARAT,3279,KOTA BANJAR ,5-14,PEREMPUAN,0,ORANG,2019
317,32,JAWA BARAT,3279,KOTA BANJAR ,15-19,LAKI-LAKI,3,ORANG,2019
318,32,JAWA BARAT,3279,KOTA BANJAR ,15-19,PEREMPUAN,1,ORANG,2019
319,32,JAWA BARAT,3279,KOTA BANJAR ,20-24,LAKI-LAKI,9,ORANG,2019
320,32,JAWA BARAT,3279,KOTA BANJAR ,20-24,PEREMPUAN,1,ORANG,2019
321,32,JAWA BARAT,3279,KOTA BANJAR ,25-49,LAKI-LAKI,23,ORANG,2019
322,32,JAWA BARAT,3279,KOTA BANJAR ,25-49,PEREMPUAN,5,ORANG,2019
323,32,JAWA BARAT,3279,KOTA BANJAR ,≥50,LAKI-LAKI,1,ORANG,2019
324,32,JAWA BARAT,3279,KOTA BANJAR ,≥50,PEREMPUAN,2,ORANG,2019
